Year,Labor Productivity,Labor Productivity % Change
2007,4.7,-1.14893617
2008,-0.7,-2.428571429
2009,1,5.1
2010,6.1,-0.885245902
2011,0.7,-2.142857143
2012,-0.8,-2.125
2013,0.9,-1
2014,0,0
2015,-1.5,-1.2
2016,0.3,1.333333333
2017,0.7,-1